<?xml version="1.0" encoding="UTF-8"?><MD_Metadata xmlns:xlink="http://www.w3.org/1999/xlink" xmlns:srv="http://www.isotc211.org/2005/srv" xmlns:gts="http://www.isotc211.org/2005/gts" xmlns:xalan="http://xml.apache.org/xalan" xmlns:gco="http://www.isotc211.org/2005/gco" xmlns:gml="http://www.opengis.net/gml" xmlns:xsi="http://www.w3.org/2001/XMLSchema-instance" xmlns="http://www.isotc211.org/2005/gmd">
<fileIdentifier>
<gco:CharacterString>1500990179627r5627432538887212</gco:CharacterString>
</fileIdentifier>
<language>
<LanguageCode codeList="http://www.loc.gov/standards/iso639-2/php/code_list.php" codeListValue="eng" codeSpace="ISO639-2">eng</LanguageCode>
</language>
<characterSet>
<MD_CharacterSetCode codeList="http://www.isotc211.org/2005/resources/Codelist/gmxCodelists.xml#MD_CharacterSetCode" codeListValue="utf8" codeSpace="ISOTC211/19115">utf8</MD_CharacterSetCode>
</characterSet>
<hierarchyLevel>
<MD_ScopeCode codeList="http://www.isotc211.org/2005/resources/Codelist/gmxCodelists.xml#MD_ScopeCode" codeListValue="dataset" codeSpace="ISOTC211/19115">dataset</MD_ScopeCode>
</hierarchyLevel>
<contact>
<CI_ResponsibleParty>
<contactInfo gco:nilReason="missing"/>
<role>
<CI_RoleCode codeList="http://www.isotc211.org/2005/resources/Codelist/gmxCodelists.xml#CI_RoleCode" codeListValue="pointOfContact" codeSpace="ISOTC211/19115">pointOfContact</CI_RoleCode>
</role>
</CI_ResponsibleParty>
</contact>
<dateStamp>
<gco:Date>2017-04-24</gco:Date>
</dateStamp>
<metadataStandardName>
<gco:CharacterString>NAP - Metadata</gco:CharacterString>
</metadataStandardName>
<metadataStandardVersion>
<gco:CharacterString>1.2</gco:CharacterString>
</metadataStandardVersion>
<spatialRepresentationInfo>
<MD_VectorSpatialRepresentation>
<topologyLevel>
<MD_TopologyLevelCode codeList="http://www.isotc211.org/2005/resources/Codelist/gmxCodelists.xml#MD_TopologyLevelCode" codeListValue="geometryOnly" codeSpace="ISOTC211/19115">geometryOnly</MD_TopologyLevelCode>
</topologyLevel>
<geometricObjects>
<MD_GeometricObjects>
<geometricObjectType>
<MD_GeometricObjectTypeCode codeList="http://www.isotc211.org/2005/resources/Codelist/gmxCodelists.xml#MD_GeometricObjectTypeCode" codeListValue="composite" codeSpace="ISOTC211/19115">composite</MD_GeometricObjectTypeCode>
</geometricObjectType>
<geometricObjectCount>
<gco:Integer>1</gco:Integer>
</geometricObjectCount>
</MD_GeometricObjects>
</geometricObjects>
</MD_VectorSpatialRepresentation>
</spatialRepresentationInfo>
<referenceSystemInfo>
<MD_ReferenceSystem>
<referenceSystemIdentifier>
<RS_Identifier>
<code>
<gco:CharacterString>4269</gco:CharacterString>
</code>
<codeSpace>
<gco:CharacterString>EPSG</gco:CharacterString>
</codeSpace>
<version>
<gco:CharacterString>8.6.2</gco:CharacterString>
</version>
</RS_Identifier>
</referenceSystemIdentifier>
</MD_ReferenceSystem>
</referenceSystemInfo>
<identificationInfo>
<MD_DataIdentification>
<citation>
<CI_Citation>
<title>
<gco:CharacterString>Mexico and US Border</gco:CharacterString>
</title>
<date gco:nilReason="missing"/>
<citedResponsibleParty gco:nilReason="missing"/>
<presentationForm>
<CI_PresentationFormCode codeList="http://www.isotc211.org/2005/resources/Codelist/gmxCodelists.xml#CI_PresentationFormCode" codeListValue="mapDigital" codeSpace="ISOTC211/19115">mapDigital</CI_PresentationFormCode>
</presentationForm>
</CI_Citation>
</citation>
<abstract gco:nilReason="missing"/>
<status gco:nilReason="missing"/>
<descriptiveKeywords>
<MD_Keywords>
<keyword>
<gco:CharacterString>Downloadable Data</gco:CharacterString>
</keyword>
<thesaurusName uuidref="723f6998-058e-11dc-8314-0800200c9a66"/>
</MD_Keywords>
</descriptiveKeywords>
<spatialRepresentationType>
<MD_SpatialRepresentationTypeCode codeList="http://www.isotc211.org/2005/resources/Codelist/gmxCodelists.xml#MD_SpatialRepresentationTypeCode" codeListValue="vector" codeSpace="ISOTC211/19115">vector</MD_SpatialRepresentationTypeCode>
</spatialRepresentationType>
<language>
<LanguageCode codeList="http://www.loc.gov/standards/iso639-2/php/code_list.php" codeListValue="eng" codeSpace="ISO639-2">eng</LanguageCode>
</language>
<characterSet>
<MD_CharacterSetCode codeList="http://www.isotc211.org/2005/resources/Codelist/gmxCodelists.xml#MD_CharacterSetCode" codeListValue="utf8" codeSpace="ISOTC211/19115">utf8</MD_CharacterSetCode>
</characterSet>
<environmentDescription>
<gco:CharacterString>Microsoft Windows 7 Version 6.1 (Build 7601) Service Pack 1; Esri ArcGIS 10.3.1.4959</gco:CharacterString>
</environmentDescription>
<extent>
<EX_Extent>
<geographicElement>
<EX_GeographicBoundingBox>
<extentTypeCode>
<gco:Boolean>true</gco:Boolean>
</extentTypeCode>
<westBoundLongitude>
<gco:Decimal>-117.464603</gco:Decimal>
</westBoundLongitude>
<eastBoundLongitude>
<gco:Decimal>-96.924269</gco:Decimal>
</eastBoundLongitude>
<southBoundLatitude>
<gco:Decimal>25.837053</gco:Decimal>
</southBoundLatitude>
<northBoundLatitude>
<gco:Decimal>32.718749</gco:Decimal>
</northBoundLatitude>
</EX_GeographicBoundingBox>
</geographicElement>
</EX_Extent>
</extent>
</MD_DataIdentification>
</identificationInfo>
<distributionInfo>
<MD_Distribution>
<distributionFormat>
<MD_Format>
<name>
<gco:CharacterString>Shapefile</gco:CharacterString>
</name>
<version gco:nilReason="missing"/>
</MD_Format>
</distributionFormat>
<distributionFormat>
<MD_Format>
<name>
<gco:CharacterString>Shapefile</gco:CharacterString>
</name>
<version gco:nilReason="missing"/>
</MD_Format>
</distributionFormat>
<distributor>
<MD_Distributor>
<distributorContact gco:nilReason="missing"/>
</MD_Distributor>
</distributor>
<transferOptions>
<MD_DigitalTransferOptions>
<transferSize>
<gco:Real>0.606</gco:Real>
</transferSize>
</MD_DigitalTransferOptions>
</transferOptions>
<transferOptions>
<MD_DigitalTransferOptions>
<transferSize>
<gco:Real>0.625</gco:Real>
</transferSize>
</MD_DigitalTransferOptions>
</transferOptions>
</MD_Distribution>
</distributionInfo>
</MD_Metadata>
