<?xml version="1.0" encoding="UTF-8"?>
<metadata xml:lang="es"><Esri><CreaDate>20190522</CreaDate><CreaTime>09411100</CreaTime><ArcGISFormat>1.0</ArcGISFormat><SyncOnce>FALSE</SyncOnce><DataProperties><itemProps><itemName Sync="TRUE">01_32_mun</itemName><imsContentType Sync="TRUE">002</imsContentType><itemSize Sync="TRUE">0.000</itemSize><itemLocation><linkage Sync="TRUE">file://\\GEOIGB042665D\D$\MG Dic2018\01_32_mun.shp</linkage><protocol Sync="TRUE">Local Area Network</protocol></itemLocation></itemProps><coordRef><type Sync="TRUE">Projected</type><geogcsn Sync="TRUE">GCS_ITRF_2008</geogcsn><csUnits Sync="TRUE">Linear Unit: Meter (1.000000)</csUnits><projcsn Sync="TRUE">MEXICO_ITRF_2008_LCC</projcsn><peXml Sync="TRUE">&lt;ProjectedCoordinateSystem xsi:type='typens:ProjectedCoordinateSystem' xmlns:xsi='http://www.w3.org/2001/XMLSchema-instance' xmlns:xs='http://www.w3.org/2001/XMLSchema' xmlns:typens='http://www.esri.com/schemas/ArcGIS/10.7'&gt;&lt;WKT&gt;PROJCS[&amp;quot;MEXICO_ITRF_2008_LCC&amp;quot;,GEOGCS[&amp;quot;GCS_ITRF_2008&amp;quot;,DATUM[&amp;quot;D_ITRF_2008&amp;quot;,SPHEROID[&amp;quot;GRS_1980&amp;quot;,6378137.0,298.257222101]],PRIMEM[&amp;quot;Greenwich&amp;quot;,0.0],UNIT[&amp;quot;Degree&amp;quot;,0.0174532925199433]],PROJECTION[&amp;quot;Lambert_Conformal_Conic&amp;quot;],PARAMETER[&amp;quot;False_Easting&amp;quot;,2500000.0],PARAMETER[&amp;quot;False_Northing&amp;quot;,0.0],PARAMETER[&amp;quot;Central_Meridian&amp;quot;,-102.0],PARAMETER[&amp;quot;Standard_Parallel_1&amp;quot;,17.5],PARAMETER[&amp;quot;Standard_Parallel_2&amp;quot;,29.5],PARAMETER[&amp;quot;Latitude_Of_Origin&amp;quot;,12.0],UNIT[&amp;quot;Meter&amp;quot;,1.0]]&lt;/WKT&gt;&lt;XOrigin&gt;-37031600&lt;/XOrigin&gt;&lt;YOrigin&gt;-25743800&lt;/YOrigin&gt;&lt;XYScale&gt;113924041.20679393&lt;/XYScale&gt;&lt;ZOrigin&gt;-100000&lt;/ZOrigin&gt;&lt;ZScale&gt;10000&lt;/ZScale&gt;&lt;MOrigin&gt;-100000&lt;/MOrigin&gt;&lt;MScale&gt;10000&lt;/MScale&gt;&lt;XYTolerance&gt;0.001&lt;/XYTolerance&gt;&lt;ZTolerance&gt;0.001&lt;/ZTolerance&gt;&lt;MTolerance&gt;0.001&lt;/MTolerance&gt;&lt;HighPrecision&gt;true&lt;/HighPrecision&gt;&lt;/ProjectedCoordinateSystem&gt;</peXml></coordRef><lineage><Process ToolSource="c:\program files (x86)\arcgis\desktop10.7\ArcToolbox\Toolboxes\Data Management Tools.tbx\Merge" Date="20190522" Time="094114">Merge 01mun;02mun;03mun;04mun;05mun;06mun;07mun;08mun;09mun;10mun;11mun;12mun;13mun;14mun;15mun;16mun;17mun;18mun;19mun;20mun;21mun;22mun;23mun;24mun;25mun;26mun;27mun;28mun;29mun;30mun;31mun;32mun "D:\MG Dic2018\01_32_mun.shp" "CVEGEO "CVEGEO" true true false 5 Text 0 0 ,First,#,01mun,CVEGEO,-1,-1,02mun,CVEGEO,-1,-1,03mun,CVEGEO,-1,-1,04mun,CVEGEO,-1,-1,05mun,CVEGEO,-1,-1,06mun,CVEGEO,-1,-1,07mun,CVEGEO,-1,-1,08mun,CVEGEO,-1,-1,09mun,CVEGEO,-1,-1,10mun,CVEGEO,-1,-1,11mun,CVEGEO,-1,-1,12mun,CVEGEO,-1,-1,13mun,CVEGEO,-1,-1,14mun,CVEGEO,-1,-1,15mun,CVEGEO,-1,-1,16mun,CVEGEO,-1,-1,17mun,CVEGEO,-1,-1,18mun,CVEGEO,-1,-1,19mun,CVEGEO,-1,-1,20mun,CVEGEO,-1,-1,21mun,CVEGEO,-1,-1,22mun,CVEGEO,-1,-1,23mun,CVEGEO,-1,-1,24mun,CVEGEO,-1,-1,25mun,CVEGEO,-1,-1,26mun,CVEGEO,-1,-1,27mun,CVEGEO,-1,-1,28mun,CVEGEO,-1,-1,29mun,CVEGEO,-1,-1,30mun,CVEGEO,-1,-1,31mun,CVEGEO,-1,-1,32mun,CVEGEO,-1,-1;CVE_ENT "CVE_ENT" true true false 2 Text 0 0 ,First,#,01mun,CVE_ENT,-1,-1,02mun,CVE_ENT,-1,-1,03mun,CVE_ENT,-1,-1,04mun,CVE_ENT,-1,-1,05mun,CVE_ENT,-1,-1,06mun,CVE_ENT,-1,-1,07mun,CVE_ENT,-1,-1,08mun,CVE_ENT,-1,-1,09mun,CVE_ENT,-1,-1,10mun,CVE_ENT,-1,-1,11mun,CVE_ENT,-1,-1,12mun,CVE_ENT,-1,-1,13mun,CVE_ENT,-1,-1,14mun,CVE_ENT,-1,-1,15mun,CVE_ENT,-1,-1,16mun,CVE_ENT,-1,-1,17mun,CVE_ENT,-1,-1,18mun,CVE_ENT,-1,-1,19mun,CVE_ENT,-1,-1,20mun,CVE_ENT,-1,-1,21mun,CVE_ENT,-1,-1,22mun,CVE_ENT,-1,-1,23mun,CVE_ENT,-1,-1,24mun,CVE_ENT,-1,-1,25mun,CVE_ENT,-1,-1,26mun,CVE_ENT,-1,-1,27mun,CVE_ENT,-1,-1,28mun,CVE_ENT,-1,-1,29mun,CVE_ENT,-1,-1,30mun,CVE_ENT,-1,-1,31mun,CVE_ENT,-1,-1,32mun,CVE_ENT,-1,-1;CVE_MUN "CVE_MUN" true true false 3 Text 0 0 ,First,#,01mun,CVE_MUN,-1,-1,02mun,CVE_MUN,-1,-1,03mun,CVE_MUN,-1,-1,04mun,CVE_MUN,-1,-1,05mun,CVE_MUN,-1,-1,06mun,CVE_MUN,-1,-1,07mun,CVE_MUN,-1,-1,08mun,CVE_MUN,-1,-1,09mun,CVE_MUN,-1,-1,10mun,CVE_MUN,-1,-1,11mun,CVE_MUN,-1,-1,12mun,CVE_MUN,-1,-1,13mun,CVE_MUN,-1,-1,14mun,CVE_MUN,-1,-1,15mun,CVE_MUN,-1,-1,16mun,CVE_MUN,-1,-1,17mun,CVE_MUN,-1,-1,18mun,CVE_MUN,-1,-1,19mun,CVE_MUN,-1,-1,20mun,CVE_MUN,-1,-1,21mun,CVE_MUN,-1,-1,22mun,CVE_MUN,-1,-1,23mun,CVE_MUN,-1,-1,24mun,CVE_MUN,-1,-1,25mun,CVE_MUN,-1,-1,26mun,CVE_MUN,-1,-1,27mun,CVE_MUN,-1,-1,28mun,CVE_MUN,-1,-1,29mun,CVE_MUN,-1,-1,30mun,CVE_MUN,-1,-1,31mun,CVE_MUN,-1,-1,32mun,CVE_MUN,-1,-1;NOMGEO "NOMGEO" true true false 80 Text 0 0 ,First,#,01mun,NOMGEO,-1,-1,02mun,NOMGEO,-1,-1,03mun,NOMGEO,-1,-1,04mun,NOMGEO,-1,-1,05mun,NOMGEO,-1,-1,06mun,NOMGEO,-1,-1,07mun,NOMGEO,-1,-1,08mun,NOMGEO,-1,-1,09mun,NOMGEO,-1,-1,10mun,NOMGEO,-1,-1,11mun,NOMGEO,-1,-1,12mun,NOMGEO,-1,-1,13mun,NOMGEO,-1,-1,14mun,NOMGEO,-1,-1,15mun,NOMGEO,-1,-1,16mun,NOMGEO,-1,-1,17mun,NOMGEO,-1,-1,18mun,NOMGEO,-1,-1,19mun,NOMGEO,-1,-1,20mun,NOMGEO,-1,-1,21mun,NOMGEO,-1,-1,22mun,NOMGEO,-1,-1,23mun,NOMGEO,-1,-1,24mun,NOMGEO,-1,-1,25mun,NOMGEO,-1,-1,26mun,NOMGEO,-1,-1,27mun,NOMGEO,-1,-1,28mun,NOMGEO,-1,-1,29mun,NOMGEO,-1,-1,30mun,NOMGEO,-1,-1,31mun,NOMGEO,-1,-1,32mun,NOMGEO,-1,-1"</Process></lineage></DataProperties><SyncDate>20190522</SyncDate><SyncTime>09411100</SyncTime><ModDate>20190522</ModDate><ModTime>09411100</ModTime></Esri><dataIdInfo><envirDesc Sync="TRUE"> Version 6.2 (Build 9200) ; Esri ArcGIS 10.7.0.10450</envirDesc><dataLang><languageCode value="spa" Sync="TRUE"></languageCode><countryCode value="MEX" Sync="TRUE"></countryCode></dataLang><idCitation><resTitle Sync="TRUE">01_32_mun</resTitle><presForm><PresFormCd value="005" Sync="TRUE"></PresFormCd></presForm></idCitation><spatRpType><SpatRepTypCd value="001" Sync="TRUE"></SpatRepTypCd></spatRpType></dataIdInfo><mdLang><languageCode value="spa" Sync="TRUE"></languageCode><countryCode value="MEX" Sync="TRUE"></countryCode></mdLang><mdChar><CharSetCd value="004" Sync="TRUE"></CharSetCd></mdChar><distInfo><distFormat><formatName Sync="TRUE">Shapefile</formatName></distFormat><distTranOps><transSize Sync="TRUE">0.000</transSize></distTranOps></distInfo><mdHrLv><ScopeCd value="005" Sync="TRUE"></ScopeCd></mdHrLv><mdHrLvName Sync="TRUE">dataset</mdHrLvName><refSysInfo><RefSystem><refSysID><identCode code="0" Sync="TRUE"></identCode></refSysID></RefSystem></refSysInfo><spatRepInfo><VectSpatRep><geometObjs Name="01_32_mun"><geoObjTyp><GeoObjTypCd value="002" Sync="TRUE"></GeoObjTypCd></geoObjTyp><geoObjCnt Sync="TRUE">0</geoObjCnt></geometObjs><topLvl><TopoLevCd value="001" Sync="TRUE"></TopoLevCd></topLvl></VectSpatRep></spatRepInfo><spdoinfo><ptvctinf><esriterm Name="01_32_mun"><efeatyp Sync="TRUE">Simple</efeatyp><efeageom code="4" Sync="TRUE"></efeageom><esritopo Sync="TRUE">FALSE</esritopo><efeacnt Sync="TRUE">0</efeacnt><spindex Sync="TRUE">FALSE</spindex><linrefer Sync="TRUE">FALSE</linrefer></esriterm></ptvctinf></spdoinfo><eainfo><detailed Name="01_32_mun"><enttyp><enttypl Sync="TRUE">01_32_mun</enttypl><enttypt Sync="TRUE">Feature Class</enttypt><enttypc Sync="TRUE">0</enttypc></enttyp><attr><attrlabl Sync="TRUE">FID</attrlabl><attalias Sync="TRUE">FID</attalias><attrtype Sync="TRUE">OID</attrtype><attwidth Sync="TRUE">4</attwidth><atprecis Sync="TRUE">0</atprecis><attscale Sync="TRUE">0</attscale><attrdef Sync="TRUE">Internal feature number.</attrdef><attrdefs Sync="TRUE">Esri</attrdefs><attrdomv><udom Sync="TRUE">Sequential unique whole numbers that are automatically generated.</udom></attrdomv></attr><attr><attrlabl Sync="TRUE">Shape</attrlabl><attalias Sync="TRUE">Shape</attalias><attrtype Sync="TRUE">Geometry</attrtype><attwidth Sync="TRUE">0</attwidth><atprecis Sync="TRUE">0</atprecis><attscale Sync="TRUE">0</attscale><attrdef Sync="TRUE">Feature geometry.</attrdef><attrdefs Sync="TRUE">Esri</attrdefs><attrdomv><udom Sync="TRUE">Coordinates defining the features.</udom></attrdomv></attr><attr><attrlabl Sync="TRUE">CVEGEO</attrlabl><attalias Sync="TRUE">CVEGEO</attalias><attrtype Sync="TRUE">String</attrtype><attwidth Sync="TRUE">5</attwidth><atprecis Sync="TRUE">0</atprecis><attscale Sync="TRUE">0</attscale></attr><attr><attrlabl Sync="TRUE">CVE_ENT</attrlabl><attalias Sync="TRUE">CVE_ENT</attalias><attrtype Sync="TRUE">String</attrtype><attwidth Sync="TRUE">2</attwidth><atprecis Sync="TRUE">0</atprecis><attscale Sync="TRUE">0</attscale></attr><attr><attrlabl Sync="TRUE">CVE_MUN</attrlabl><attalias Sync="TRUE">CVE_MUN</attalias><attrtype Sync="TRUE">String</attrtype><attwidth Sync="TRUE">3</attwidth><atprecis Sync="TRUE">0</atprecis><attscale Sync="TRUE">0</attscale></attr><attr><attrlabl Sync="TRUE">NOMGEO</attrlabl><attalias Sync="TRUE">NOMGEO</attalias><attrtype Sync="TRUE">String</attrtype><attwidth Sync="TRUE">80</attwidth><atprecis Sync="TRUE">0</atprecis><attscale Sync="TRUE">0</attscale></attr></detailed></eainfo><mdDateSt Sync="TRUE">20190522</mdDateSt></metadata>
