<?xml version="1.0" encoding="UTF-8"?><metadata xmlns:xsi="http://www.w3.org/2001/XMLSchema-instance" xsi:noNamespaceSchemaLocation="http://www.conabio.gob.mx/informacion/gis/schemas/fgdc/fgdc-std-001-1998.xsd"><idinfo><citation><citeinfo><origin>INEGI, (2016). &apos;Divisi&#x00F3;n pol&#x00ED;tica estatal 1:250000. 2015&apos;, escala: 1:250 000. edici&#x00F3;n: 2015. Instituto Nacional de Estad&#x00ED;stica y Geograf&#x00ED;a.. Obtenido de Cartograf&#x00ED;a geoestad&#x00ED;stica urbana y rural amanzanada. Cierre de la Encuesta Intercensal 2015.. Aguascalientes, M&#x00E9;xico. </origin><pubdate>20160419</pubdate><title>Divisi&#x00F3;n pol&#x00ED;tica estatal 1:250000. 2015</title><geoform>Shapefile. Formato vectorial compuesto por 4 archivos (shp, shx, dbf,prj)</geoform><othercit>250000</othercit><onlink>http://www.conabio.gob.mx/informacion/metadata/gis/dest_2015gw.xml?_httpcache=yes&amp;_xsl=/db/metadata/xsl/fgdc_html.xsl&amp;_indent=no</onlink></citeinfo></citation><descript><abstract>Representaci&#x00F3;n digital de los l&#x00ED;mites estatales (con sus respectivos nombres y claves), costeros e islas. Estos l&#x00ED;mites son el resultado de la uni&#x00F3;n del material cartogr&#x00E1;fico de la cartograf&#x00ED;a geoestad&#x00ED;stica urbana y rural amanzanada. Cierre de la encuesta intercensal 2015 de cada estado, a escala 1:250000.</abstract><purpose>Contar con un producto que proporcione informaci&#x00F3;n sobre la divisi&#x00F3;n territorial del pa&#x00ED;s de las entidades federaivas que lo conforman, existentes al cierre de la Encuesta Intercensal 2015.</purpose><supplinf>El conjunto de Localidades Amanzanadas es de 49379 de las cuales 4546 son urbanas y 44833 rurales. Estas representaciones digitales, corresponden al cierre de la Encuesta Intercensal 2015, y cada Localidad Amanzanada contiene l&#x00ED;mites y claves del &#x00C1;rea Geoestad&#x00ED;stica B&#x00E1;sica (AGEB), pol&#x00ED;gonos de Manzana y pol&#x00ED;gono(s) envolventes de la localidad correspondiente; tambi&#x00E9;n contiene nombres de calle, rasgos culturales y naturales (cuerpos de agua), principales v&#x00ED;as de acceso a la localidad y la ubicaci&#x00F3;n de los principales servicios (iglesia, escuela, asistencia m&#x00E9;dica, palacio municipal o ayudant&#x00ED;a, mercado, cementerio y plaza o jard&#x00ED;n). Todos los elementos contienen atributos (claves geoestad&#x00ED;sticas, fecha de actualizaci&#x00F3;n, nombre del elemento geogr&#x00E1;fico, entre otros). La identificaci&#x00F3;n de las Localidades Amanzanadas est&#x00E1; conformada por una clave de 9 d&#x00ED;gitos de los cuales los 2 primeros corresponden al estado, los 3 siguientes al municipio y los 4 restantes a la localidad (EEMMMLLLL). Referencias en la web: http://www.beta.inegi.org.mx/temas/mapas/urbanos/; http://www3.inegi.org.mx/sistemas/biblioteca/ficha.aspx?upc=702825004386</supplinf></descript><timeperd><timeinfo><sngdate><caldate>00000000</caldate></sngdate></timeinfo><current>Mayo 2016</current></timeperd><status><progress>In work</progress><update>No planeado</update></status><spdom><bounding><westbc>-118.366485595703</westbc><eastbc>-86.7107391357422</eastbc><northbc>32.7186279296875</northbc><southbc>14.5350742340088</southbc></bounding></spdom><keywords><theme><themekt>CNB.ACCESO</themekt><themekey>publico</themekey></theme><theme><themekt>CNB.LICENCIA</themekt><themekey>CC_BY_NC_2.5_MX</themekey></theme><theme><themekt>CNB.VISIBILIDAD</themekt><themekey>0</themekey><themekey>10</themekey></theme><theme><themekt>ESTRUCTURA</themekt><themekey>dipol</themekey><themekey>estata</themekey><themekey>dest_2015gw</themekey></theme><theme><themekt>CNB.ESCALA</themekt><themekey>250000</themekey></theme><theme><themekt>CONABIO</themekt><themekey>&#x00C1;rea Geoestad&#x00ED;stica Entidad Federativa</themekey><themekey>Divisi&#x00F3;n Entidad Federativa</themekey><themekey>Estados</themekey></theme><place><placekt>CONABIO</placekt><placekey>Aguascalientes</placekey><placekey>Baja California</placekey><placekey>Baja California Sur</placekey><placekey>Campeche</placekey><placekey>Coahuila de Zaragoza</placekey><placekey>Colima</placekey><placekey>Chiapas</placekey><placekey>Chihuahua</placekey><placekey>Distrito Federal</placekey><placekey>Durango</placekey><placekey>Guanajuato</placekey><placekey>Guerrero</placekey><placekey>Hidalgo</placekey><placekey>Jalisco</placekey><placekey>M&#x00E9;xico</placekey><placekey>Michoac&#x00E1;n de Ocampo</placekey><placekey>Morelos</placekey><placekey>Nayarit</placekey><placekey>Nuevo Le&#x00F3;n</placekey><placekey>Oaxaca</placekey><placekey>Puebla</placekey><placekey>Quer&#x00E9;taro</placekey><placekey>Quintana Roo</placekey><placekey>San Luis Potos&#x00ED;</placekey><placekey>Sinaloa</placekey><placekey>Sonora</placekey><placekey>Tabasco</placekey><placekey>Tamaulipas</placekey><placekey>Tlaxcala</placekey><placekey>Veracruz de Ignacio de la Llave</placekey><placekey>Yucat&#x00E1;n</placekey><placekey>Zacatecas</placekey></place></keywords><accconst>Sin restricciones</accconst><useconst>No se permite utilizar estos datos con fines lucrativos y se debe citar la fuente del mapa y a CONABIO. Ver la licencia completa en http://creativecommons.org/licenses/by-nc/2.5/mx/</useconst><browse><browsen>http://www.conabio.gob.mx/informacion/gis/layouts/dest_2015gw.png</browsen><browsed>Mapa ilustrativo de Divisi&#x00F3;n pol&#x00ED;tica estatal 1:250000. 2015. La proyecci&#x00F3;n citada, es exclusiva para el dise&#x00F1;o de esta imagen.</browsed><browset>png</browset></browse><native>ArcGIS 10.3.1, Windows</native></idinfo><dataqual><logic>Gabinete</logic><complete>Se hizo una integraci&#x00F3;n de las capas del marco geoestad&#x00ED;stico que contienen las entidades federativas de la rep&#x00FA;blica mexicana.</complete><lineage><srcinfo><srccite><citeinfo><origin>No conocido</origin><pubdate>00000000</pubdate><title>No conocido</title><geoform>No conocido</geoform></citeinfo></srccite><srcscale>250000</srcscale><typesrc>Digital</typesrc><srctime><timeinfo><sngdate><caldate>00000000</caldate></sngdate></timeinfo><srccurr>No conocido</srccurr></srctime><srccitea>No conocido</srccitea><srccontr>INEGI, (2016/01), &apos;Cartograf&#x00ED;a Geoestad&#x00ED;stica Urbana y Rural Amanzanada. Cierre de la Encuesta Intercensal 2015.&apos;, Escala 1:250000. 2015, Instituto Nacional de Estad&#x00ED;stica y Geograf&#x00ED;a, 1.- El Departamento del Marco Geoestad&#x00ED;stico Urbano genera el documento metodol&#x00F3;gico con las caracter&#x00ED;sticas y especificaciones de los productos cartogr&#x00E1;ficos y las aplicaciones para la validaci&#x00F3;n estatal y regional de la informaci&#x00F3;n. 2.- Las especificaciones y las aplicaciones se depositan en una ruta ftp para su uso y aplicaci&#x00F3;n a nivel regional y estatal. 3.- Los Departamentos Estatales de Actualizaci&#x00F3;n B&#x00E1;sica actualizan la informaci&#x00F3;n cartogr&#x00E1;fica en campo, actividad de gran importancia ya que permite mantener vigente la informaci&#x00F3;n contenida en los materiales cartogr&#x00E1;ficos, garantizando con ello la cobertura y la correcta referencia geogr&#x00E1;fica. 4.- Los Departamentos Estatales de Actualizaci&#x00F3;n B&#x00E1;sica actualizan y asignan claves a los nuevos elementos Geoestad&#x00ED;sticos, digitalizan y clasifican la informaci&#x00F3;n en formato digital. 5.- Los Departamentos Estatales de Actualizaci&#x00F3;n B&#x00E1;sica se aseguran, mediante validaci&#x00F3;n que la cartograf&#x00ED;a cumpla con las especificaciones cualitativas y cuantitativas; una vez que cumpli&#x00F3; el control de calidad al 100% la informaci&#x00F3;n es tra&#x00ED;da de manera autom&#x00E1;tica a oficinas centrales, para su integraci&#x00F3;n y revisi&#x00F3;n a nivel estatal y nacional. 6.- En Oficinas Centrales se tom&#x00F3; una muestra aleatoria estatal de la informaci&#x00F3;n recibida para verificar que est&#x00E9; correctamente georreferenciada y verificar que cumpla con todos los requerimientos metodol&#x00F3;gicos del evento. 7.- Las inconsistencias encontradas son notificadas y regresadas a los Departamentos encargados del Marco Geoestad&#x00ED;stico de la Direcci&#x00F3;n Regional correspondiente para su correcci&#x00F3;n. 8.- Una vez que liberan las Localidades, se procede a la generaci&#x00F3;n de los formatos para su distribuci&#x00F3;n a los usuarios externos e internos y al respaldo de la informaci&#x00F3;n. Completitud Omisi&#x00F3;n (ausencias indebidas) Se realiz&#x00F3; una confronta contra el Catalogo de Integral General de Localidades (CIGEL), se tomaron todas las localidades Urbanas y Rurales que contengan manzanas. Existe el 100%, sin que se permita una localidad como faltante. Topol&#x00F3;gica Cumplir reglas topol&#x00F3;gicas. Con sistema automatizado se verific&#x00F3; que NO existan duplicidad de pol&#x00ED;gonos, l&#x00ED;neas y puntos. Traslapes y huecos. El resultado cuantitativo es hasta un metro de tolerancia. Tem&#x00E1;tica Validaci&#x00F3;n tabular y de atributos. Con sistema automatizado se comprob&#x00F3; que los valores de atributo correspondieran con el dominio establecido en el diccionario de datos. Existe el 100% sin faltantes. Posicional Se realiza una confronta del conjunto vectorial contra im&#x00E1;genes de sat&#x00E9;lite; obteniendo el 100% en su posici&#x00F3;n verdadera., http://www.beta.inegi.org.mx/temas/mapas/urbanos/, Aguascalientes, M&#x00E9;xico.</srccontr></srcinfo><procstep><procdesc>1)	Fusi&#x00F3;n y edici&#x00F3;n. Las capas digitales que se usaron fueron: divisi&#x00F3;n pol&#x00ED;tica estatal de cada estado. 2)	Etiquetado y revisi&#x00F3;n. Plasmar en el mapa el nombre de los diferentes estados, as&#x00ED; como las capitales. 3)	Producto final. Se exporto de cobertura a formato shapefile, en coordenadas geogr&#x00E1;ficas y en proyecci&#x00F3;n C&#x00F3;nica Conforme de L&#x00E1;mbert.</procdesc><procdate>00000000</procdate></procstep></lineage></dataqual><spdoinfo><direct>Vector</direct><ptvctinf><sdtsterm ><sdtstype>G-polygon</sdtstype><ptvctcnt>32</ptvctcnt></sdtsterm></ptvctinf></spdoinfo><spref><horizsys><geograph><latres>0.0174532925199433</latres><longres>0.0174532925199433</longres><geogunit>Decimal degrees</geogunit></geograph><geodetic><horizdn>WGS84</horizdn><ellips>WGS84</ellips><semiaxis>6378137.000000</semiaxis><denflat>298.257224</denflat></geodetic></horizsys></spref><eainfo><detailed><enttyp><enttypl>DEST_2015GW.DBF</enttypl><enttypd>Divisi&#x00F3;n pol&#x00ED;tica estatal de la rep&#x00FA;blica mexicana</enttypd><enttypds>No conocido</enttypds></enttyp><attr><attrlabl>CVE_ENT</attrlabl><attrdef>Car&#x00E1;cter</attrdef><attrdefs>INEGI.</attrdefs><attrdomv><udom>Clave de entidad federal.</udom></attrdomv><attrvai><attrva>1</attrva><attrvae>Adimensional</attrvae></attrvai></attr><attr><attrlabl>NOM_ENT</attrlabl><attrdef>Car&#x00E1;cter</attrdef><attrdefs>INEGI.</attrdefs><attrdomv><udom>Nombre de la entidad federativa.</udom></attrdomv></attr><attr><attrlabl>CAPITAL</attrlabl><attrdef>Car&#x00E1;cter</attrdef><attrdefs>INEGI.</attrdefs><attrdomv><udom>Nombre de la capital del la entidad federativa.</udom></attrdomv></attr><attr><attrlabl>AREA</attrlabl><attrdef>Num&#x00E9;rico</attrdef><attrdefs>Generado por el software.</attrdefs><attrdomv><udom>&#x00C1;rea del pol&#x00ED;gono que conforma la entidad federativa.</udom></attrdomv><attrvai><attrva>1</attrva><attrvae>Grados decimales al cuadrado</attrvae></attrvai></attr><attr><attrlabl>PERIMETER</attrlabl><attrdef>Num&#x00E9;rico</attrdef><attrdefs>Generado por el software.</attrdefs><attrdomv><udom>Perimetro del pol&#x00ED;gono que conforma la entidad federativa.</udom></attrdomv><attrvai><attrva>1</attrva><attrvae>Grados decimales</attrvae></attrvai></attr><attr><attrlabl>COV_</attrlabl><attrdef>Num&#x00E9;rico</attrdef><attrdefs>Generado por el software.</attrdefs><attrdomv><udom>Identificador autonum&#x00E9;rico del shapefile.</udom></attrdomv><attrvai><attrva>1</attrva><attrvae>Adimensional</attrvae></attrvai></attr><attr><attrlabl>COV_ID</attrlabl><attrdef>Num&#x00E9;rico</attrdef><attrdefs>Generado por el software.</attrdefs><attrdomv><udom>Identificador autonum&#x00E9;rico del shapefile.</udom></attrdomv><attrvai><attrva>1</attrva><attrvae>Adimensional</attrvae></attrvai></attr></detailed></eainfo><distinfo><distrib><cntinfo><cntorgp><cntorg>CONABIO</cntorg><cntper>Jose Manuel Davila Rosas</cntper></cntorgp><cntpos>Subcoordinador de Sistemas de Informaci&#x00F3;n Geogr&#x00E1;fica</cntpos><cntaddr><addrtype>mailing and physical address</addrtype><address>Liga Perif&#x00E9;rico Insurgentes Sur Num. 4903 1er piso. Col. Parques del Pedregal. Delg. Tlalpan</address><city>Ciudad de M&#x00E9;xico</city><state>D.F.</state><postal>14010</postal><country>M&#x00E9;xico</country></cntaddr><cntvoice>50045012</cntvoice><cntfax>50044931</cntfax><cntemail>jdavila@conabio.gob.mx</cntemail><hours>Lunes a Viernes de 8 a 18 hrs.</hours></cntinfo></distrib><resdesc>dest_2015gw</resdesc><distliab>La Subdirecci&#x00F3;n de Sistemas de Informaci&#x00F3;n Geogr&#x00E1;fica de la CONABIO solo se hace responsable de la informaci&#x00F3;n presentada en el mapa y se deslinda del uso que se le de a la misma.</distliab><stdorder><digform><digtinfo><formname>ESRI Shapefile (SHP)</formname><formverd>199807</formverd><filedec>compactado en ZIP</filedec><transize>10.38</transize></digtinfo><digtopt><onlinopt><computer><networka><networkr> http://www.conabio.gob.mx/informacion/gis/maps/geo/dest_2015gw.zip</networkr></networka></computer><accinstr>Coordenadas geogr&#x00E1;ficas WGS84. (EPSG:4326). Formato vectorial de almacenamiento de elementos geogr&#x00E1;ficos y sus atributos asociados. </accinstr></onlinopt><onlinopt><computer><networka><networkr> http://www.conabio.gob.mx/informacion/gis/maps/ccl/dest_2015gw_c.zip</networkr></networka></computer><accinstr>Proyecci&#x00F3;n C&#x00F3;nica Conforme de Lambert WGS84. (EPSG:48402). Formato vectorial de almacenamiento de elementos geogr&#x00E1;ficos y sus atributos asociados. </accinstr></onlinopt></digtopt></digform><digform><digtinfo><formname>Google Earth (KML)</formname><formvern>2.2</formvern><filedec>compactado como KMZ</filedec></digtinfo><digtopt><onlinopt><computer><networka><networkr> http://www.conabio.gob.mx/informacion/gis/maps/kmz/dest_2015gw.kmz</networkr></networka></computer><accinstr>Coordenadas geogr&#x00E1;ficas WGS84. (EPSG:4326). Los archivos KML representan datos geogr&#x00E1;ficos para Google Earth, a menudo suelen distribuirse comprimidos como KMZ.</accinstr></onlinopt></digtopt></digform><digform><digtinfo><formname>CNB.GEO.TMS</formname><formvern>1.0.0</formvern><formspec>PNG</formspec></digtinfo><digtopt><onlinopt><computer><networka><networkr>http://wms0.conabio.gob.mx/dest_2015gw.py/</networkr><networkr>http://wms1.conabio.gob.mx/dest_2015gw.py/</networkr><networkr>http://wms2.conabio.gob.mx/dest_2015gw.py/</networkr></networka></computer></onlinopt></digtopt></digform><digform><digtinfo><formname>Servicio de im&#x00E1;genes (WMS)</formname><formvern>1.1.1</formvern></digtinfo><digtopt><onlinopt><computer><networka><networkr>http://www.conabio.gob.mx/informacion/explorer/wms?Format=image/gif&amp;request=GetMap&amp;version=1.1.1&amp;width=800&amp;height=424&amp;srs=EPSG:4326&amp;bbox=-120.0,13.8,-85.1,33.5&amp;layers=dest_2015gw</networkr></networka></computer><accinstr>Coordenadas geogr&#x00E1;ficas WGS84. (EPSG:4326). Servicio Web Map Service. Los mapas de datos referenciados espacialmente producidos se generan normalmente en un formato de imagen como PNG, GIF o JPEG, pueden se vistos en un SIG </accinstr></onlinopt></digtopt></digform><digform><digtinfo><formname>Mapa digital interactivo</formname><formvern>1.0</formvern></digtinfo><digtopt><onlinopt><computer><networka><networkr>http://www.conabio.gob.mx/informacion/gis/?vns=gis_root/dipol/estata/dest_2015gw</networkr></networka></computer><accinstr>Coordenadas geogr&#x00E1;ficas WGS84. (EPSG:4326)</accinstr></onlinopt></digtopt></digform><fees>Acceso libre sin ning&#x00FA;n cargo al p&#x00FA;blico en general.</fees></stdorder><techpreq>Tener sistemas compatibles con archivos Shapefile, en caso que existan se pueden visualizar en Google Earth KML y/o conexi&#x00F3;n al servicio WMS.</techpreq></distinfo><metainfo><metd>20160419</metd><metc><cntinfo><cntorgp><cntorg>CONABIO</cntorg><cntper>Verena Ekaterina Ben&#x00ED;tez Ram&#x00ED;rez</cntper></cntorgp><cntpos>Administrador de Metadatos</cntpos><cntaddr><addrtype>mailing and physical address</addrtype><address>Liga Perif&#x00E9;rico Insurgentes Sur Num. 4903 1er piso. Col. Parques del Pedregal. Delg. Tlalpan</address><city>Ciudad de M&#x00E9;xico</city><state>D.F.</state><postal>14010</postal><country>M&#x00E9;xico</country></cntaddr><cntvoice>01 55 5004 4964</cntvoice><cntfax>50044931</cntfax><cntemail>vbenitez@conabio.gob.mx</cntemail><hours>Lunes a Viernes de 8 a 18 hrs.</hours></cntinfo></metc><metstdn>FGDC Content Standards for Digital Geospatial Metadata, 1998</metstdn><metstdv>FGDC-STD-001-1998 version 2.0</metstdv></metainfo></metadata>